VToken.mv
TokenSwapFarmRouter.mv
TimelyReleasePool.mv
, Unused Constant:, 3003, 
TokenSwapFarmBoost.mv
TokenSwapGov.mv
,,,,calculate_amount_from_percent,
,,,,linear_initialize,
,,,,genesis_initialize,
, Unused Private Functions, calculate_amount_from_percent
, Unused Constant:, 1, 201, 5, 2, 10, 60, 14, 
TokenSwapFarmScript.mv
TokenSwapSyrupMultiplierPool.mv
TokenSwapSyrup.mv
, Unused Constant:, 108, 107, 109, 
TokenSwapGovPoolType.mv
TokenSwapGovScript.mv
YieldFarmingV3.mv
,harvest,,,,
, Unused Private Functions, calculate_harvest_index_with_asset, intra_pool_state_check
, Unused Constant:, 114, 105, 117, 103, 106, 
TokenSwapFarm.mv
, Unused Constant:, 1, 104, 102, 103, 
TokenSwapSyrupScript.mv
TokenSwapVestarMinter.mv
TokenSwapVestarRouter.mv
, Unused Constant:, 101, 
UpgradeScripts.mv
, Unused Constant:, 86400000, 101, 1, 
YieldFarmingLibrary.mv
YieldFarmingMultiplier.mv
, Unused Private Functions, find_idx_by_id, find_pool_by_key, require_admin
, Unused Constant:, 103, 102, 104, 
STAR.mv
VESTAR.mv
Boost.mv
,,,,compute_boost_factor,
